{"edge_mean": [1.9250591398733974e-10, 1.0828457575051686e-10, 0.10766488313674927], "edge_std": [0.08530715107917786, 0.08252285420894623, 0.04993260279297829]}