{"node_mean": [0.8401657938957214, -0.003510007169097662, -0.22567492723464966], "node_std": [0.49939095973968506, 0.3457513749599457, 0.2722158133983612]}